{
    "loss": 0.6377314925193787,
    "accuracy": 0.9482758641242981
}